{"stat.killEntity.EntityHorse":4,"stat.leaveGame":65,"stat.craftItem.minecraft.iron_axe":1,"stat.breakItem.minecraft.wooden_sword":1,"stat.useItem.minecraft.mutton":1,"stat.useItem.minecraft.planks":4,"stat.pickup.minecraft.golden_boots":1,"stat.pickup.minecraft.porkchop":63,"stat.pickup.minecraft.rotten_flesh":130,"stat.pickup.minecraft.sand":2011,"stat.entityKilledBy.Spider":1,"stat.craftItem.minecraft.stone_axe":1,"stat.killEntity.Enderman":1,"stat.craftItem.minecraft.stone_sword":5,"stat.craftItem.minecraft.iron_shovel":64,"stat.pickup.minecraft.chainmail_chestplate":1,"achievement.buildPickaxe":746,"stat.mineBlock.minecraft.sand":1342,"achievement.buildBetterPickaxe":745,"stat.useItem.minecraft.iron_pickaxe":63297,"stat.craftItem.minecraft.wooden_pickaxe":1,"stat.useItem.minecraft.iron_shovel":15953,"stat.craftItem.minecraft.bed":1,"stat.furnaceInteraction":445,"stat.pickup.minecraft.beef":123,"stat.pickup.minecraft.furnace":1,"stat.useItem.minecraft.cooked_mutton":88,"achievement.mineWood":407,"achievement.openInventory":2896,"stat.deaths":43,"stat.pickup.minecraft.egg":14,"stat.playOneMinute":3539261,"stat.craftItem.minecraft.wooden_shovel":2,"stat.craftItem.minecraft.iron_pickaxe":253,"stat.mineBlock.minecraft.brown_mushroom_block":2,"stat.drop.minecraft.torch":1,"stat.mineBlock.minecraft.tallgrass":189,"stat.craftItem.minecraft.cooked_mutton":135,"stat.chestOpened":2075,"stat.useItem.minecraft.stone":19,"stat.pickup.minecraft.arrow":29,"stat.craftItem.minecraft.coal":47,"stat.fallOneCm":297682,"stat.crouchOneCm":33824,"achievement.killCow":40,"stat.mineBlock.minecraft.chest":40,"stat.craftItem.minecraft.chest":66,"stat.craftItem.minecraft.iron_ingot":832,"stat.pickup.minecraft.golden_leggings":1,"stat.craftingTableInteraction":256,"stat.mineBlock.minecraft.log2":363,"stat.pickup.minecraft.feather":64,"stat.useItem.minecraft.furnace":5,"stat.craftItem.minecraft.wooden_sword":1,"stat.pickup.minecraft.dye":1,"stat.pickup.minecraft.planks":8,"stat.pickup.minecraft.wheat_seeds":67,"stat.mineBlock.minecraft.gravel":1516,"stat.useItem.minecraft.stone_pickaxe":42835,"stat.breakItem.minecraft.stone_axe":1,"stat.useItem.minecraft.stone_sword":545,"stat.mineBlock.minecraft.dirt":23389,"stat.useItem.minecraft.torch":8686,"stat.pickup.minecraft.crafting_table":4,"stat.useItem.minecraft.cobblestone":236,"stat.craftItem.minecraft.crafting_table":1,"stat.useItem.minecraft.gravel":18,"stat.mineBlock.minecraft.double_plant":5,"stat.pickup.minecraft.log":52,"stat.pickup.minecraft.iron_pickaxe":1,"stat.pickup.minecraft.chicken":33,"stat.pickup.minecraft.sapling":26,"stat.entityKilledBy.Enderman":3,"stat.pickup.minecraft.apple":3,"stat.breakItem.minecraft.stone_shovel":77,"stat.craftItem.minecraft.planks":1440,"stat.useItem.minecraft.iron_sword":816,"stat.mineBlock.minecraft.log":49,"stat.craftItem.minecraft.cooked_chicken":30,"achievement.acquireIron":416,"stat.pickup.minecraft.red_flower":3,"stat.sneakTime":13254,"stat.pickup.minecraft.wool":121,"stat.useItem.minecraft.wooden_axe":60,"stat.pickup.minecraft.yellow_flower":6,"stat.pickup.minecraft.chest":40,"stat.drop.minecraft.stone_pickaxe":1,"stat.pickup.minecraft.bone":27,"stat.useItem.minecraft.iron_axe":263,"stat.mineBlock.minecraft.cobblestone":206,"stat.useItem.minecraft.log2":1,"stat.pickup.minecraft.stone_pickaxe":1,"stat.pickup.minecraft.flint":261,"stat.mineBlock.minecraft.yellow_flower":2,"stat.swimOneCm":48823,"achievement.buildWorkBench":1,"stat.breakItem.minecraft.iron_pickaxe":251,"stat.useItem.minecraft.dirt":15419,"stat.pickup.minecraft.bow":2,"achievement.exploreAllBiomes":{"value":0,"progress":["Roofed Forest","River","Plains"]},"stat.craftItem.minecraft.furnace":4,"stat.craftItem.minecraft.stone_pickaxe":324,"stat.craftItem.minecraft.cooked_beef":123,"stat.pickup.minecraft.cobblestone":114652,"stat.mineBlock.minecraft.clay":5,"stat.useItem.minecraft.stone_shovel":10210,"stat.flyOneCm":116421,"stat.useItem.minecraft.cooked_beef":87,"stat.mineBlock.minecraft.iron_ore":835,"stat.timeSinceDeath":106869,"stat.pickup.minecraft.mutton":136,"stat.killEntity.Bat":1,"stat.useItem.minecraft.cooked_porkchop":63,"stat.pickup.minecraft.iron_shovel":4,"stat.mineBlock.minecraft.coal_ore":1378,"stat.killEntity.Creeper":5,"stat.breakItem.minecraft.iron_sword":2,"stat.talkedToVillager":5,"stat.mineBlock.minecraft.red_mushroom_block":1,"stat.pickup.minecraft.string":7,"stat.entityKilledBy.Skeleton":14,"achievement.buildSword":9,"stat.killEntity.Squid":1,"stat.sprintOneCm":114677,"stat.craftItem.minecraft.stick":1776,"stat.craftItem.minecraft.wooden_axe":1,"stat.useItem.minecraft.bed":2,"stat.mineBlock.minecraft.crafting_table":4,"stat.useItem.minecraft.wooden_shovel":120,"stat.entityKilledBy.Creeper":12,"achievement.killEnemy":102,"achievement.buildFurnace":5,"stat.mineBlock.minecraft.planks":4,"stat.drop":5,"stat.useItem.minecraft.wooden_sword":64,"stat.killEntity.Sheep":90,"stat.breakItem.minecraft.iron_shovel":63,"stat.killEntity.Zombie":73,"stat.diveOneCm":87372,"stat.pickup.minecraft.gravel":2045,"stat.craftItem.minecraft.cooked_porkchop":63,"stat.useItem.minecraft.chicken":3,"stat.useItem.minecraft.apple":2,"stat.breakItem.minecraft.wooden_axe":1,"stat.jump":20357,"stat.pickup.minecraft.coal":1634,"stat.pickup.minecraft.iron_ingot":23,"stat.useItem.minecraft.stone_axe":138,"stat.pickup.minecraft.gunpowder":2,"stat.pickup.minecraft.spider_eye":1,"stat.craftItem.minecraft.torch":1264,"stat.breakItem.minecraft.golden_leggings":1,"stat.pickup.minecraft.dirt":28799,"stat.drop.minecraft.iron_shovel":3,"stat.useItem.minecraft.cooked_chicken":30,"stat.pickup.minecraft.iron_ore":835,"stat.pickup.minecraft.stone_shovel":1,"stat.mineBlock.minecraft.leaves2":22,"stat.damageTaken":26928,"stat.pickup.minecraft.leather":64,"stat.mineBlock.minecraft.furnace":1,"stat.mineBlock.minecraft.torch":696,"stat.useItem.minecraft.wooden_pickaxe":60,"stat.pickup.minecraft.log2":368,"stat.pickup.minecraft.bed":1,"stat.pickup.minecraft.potato":2,"stat.entityKilledBy.Zombie":4,"stat.damageDealt":40237,"stat.sleepInBed":21,"stat.killEntity.Cow":60,"stat.useItem.minecraft.crafting_table":5,"stat.killEntity.Pig":34,"stat.craftItem.minecraft.iron_sword":3,"stat.craftItem.minecraft.stone_shovel":77,"stat.walkOneCm":13365724,"stat.useItem.minecraft.chest":107,"stat.pickup.minecraft.stick":303,"stat.pickup.minecraft.clay_ball":24,"stat.breakItem.minecraft.stone_pickaxe":324,"stat.pickup.minecraft.stone":22821,"stat.pickup.minecraft.ender_pearl":1,"stat.breakItem.minecraft.golden_boots":1,"stat.killEntity.Skeleton":18,"stat.killEntity.Chicken":33,"stat.killEntity.Spider":5,"stat.mobKills":327,"stat.breakItem.minecraft.iron_axe":1,"stat.mineBlock.minecraft.leaves":52,"stat.breakItem.minecraft.wooden_shovel":2,"stat.pickup.minecraft.torch":7719,"stat.breakItem.minecraft.stone_sword":3,"stat.mineBlock.minecraft.stone":103389,"stat.breakItem.minecraft.wooden_pickaxe":1}