{"stat.killEntity.EntityHorse":4,"stat.leaveGame":58,"stat.craftItem.minecraft.iron_axe":1,"stat.breakItem.minecraft.wooden_sword":1,"stat.useItem.minecraft.mutton":1,"stat.useItem.minecraft.planks":4,"stat.pickup.minecraft.golden_boots":1,"stat.pickup.minecraft.porkchop":63,"stat.pickup.minecraft.rotten_flesh":128,"stat.pickup.minecraft.sand":2011,"stat.entityKilledBy.Spider":1,"stat.craftItem.minecraft.stone_axe":1,"stat.killEntity.Enderman":1,"stat.craftItem.minecraft.stone_sword":5,"stat.craftItem.minecraft.iron_shovel":62,"stat.pickup.minecraft.chainmail_chestplate":1,"achievement.buildPickaxe":686,"stat.mineBlock.minecraft.sand":1342,"achievement.buildBetterPickaxe":685,"stat.useItem.minecraft.iron_pickaxe":58350,"stat.craftItem.minecraft.wooden_pickaxe":1,"stat.useItem.minecraft.iron_shovel":14862,"stat.craftItem.minecraft.bed":1,"stat.furnaceInteraction":419,"stat.pickup.minecraft.beef":123,"stat.pickup.minecraft.furnace":1,"stat.useItem.minecraft.cooked_mutton":88,"achievement.mineWood":395,"achievement.openInventory":2763,"stat.deaths":41,"stat.pickup.minecraft.egg":14,"stat.playOneMinute":3282048,"stat.craftItem.minecraft.wooden_shovel":2,"stat.craftItem.minecraft.iron_pickaxe":232,"stat.mineBlock.minecraft.brown_mushroom_block":2,"stat.drop.minecraft.torch":1,"stat.mineBlock.minecraft.tallgrass":189,"stat.craftItem.minecraft.cooked_mutton":135,"stat.chestOpened":1897,"stat.useItem.minecraft.stone":19,"stat.pickup.minecraft.arrow":27,"stat.craftItem.minecraft.coal":47,"stat.fallOneCm":274202,"stat.crouchOneCm":33824,"achievement.killCow":40,"stat.mineBlock.minecraft.chest":40,"stat.craftItem.minecraft.chest":61,"stat.craftItem.minecraft.iron_ingot":768,"stat.pickup.minecraft.golden_leggings":1,"stat.craftingTableInteraction":241,"stat.mineBlock.minecraft.log2":361,"stat.pickup.minecraft.feather":64,"stat.useItem.minecraft.furnace":5,"stat.craftItem.minecraft.wooden_sword":1,"stat.pickup.minecraft.planks":8,"stat.pickup.minecraft.wheat_seeds":66,"stat.mineBlock.minecraft.gravel":1354,"stat.useItem.minecraft.stone_pickaxe":39131,"stat.breakItem.minecraft.stone_axe":1,"stat.useItem.minecraft.stone_sword":545,"stat.mineBlock.minecraft.dirt":22196,"stat.useItem.minecraft.torch":8018,"stat.pickup.minecraft.crafting_table":4,"stat.useItem.minecraft.cobblestone":205,"stat.craftItem.minecraft.crafting_table":1,"stat.useItem.minecraft.gravel":18,"stat.mineBlock.minecraft.double_plant":5,"stat.pickup.minecraft.log":42,"stat.pickup.minecraft.iron_pickaxe":1,"stat.pickup.minecraft.chicken":33,"stat.pickup.minecraft.sapling":23,"stat.entityKilledBy.Enderman":3,"stat.pickup.minecraft.apple":3,"stat.breakItem.minecraft.stone_shovel":75,"stat.craftItem.minecraft.planks":1400,"stat.useItem.minecraft.iron_sword":784,"stat.mineBlock.minecraft.log":39,"stat.craftItem.minecraft.cooked_chicken":30,"achievement.acquireIron":370,"stat.pickup.minecraft.red_flower":3,"stat.sneakTime":13250,"stat.pickup.minecraft.wool":121,"stat.useItem.minecraft.wooden_axe":60,"stat.pickup.minecraft.yellow_flower":6,"stat.pickup.minecraft.chest":40,"stat.drop.minecraft.stone_pickaxe":1,"stat.pickup.minecraft.bone":26,"stat.useItem.minecraft.iron_axe":249,"stat.mineBlock.minecraft.cobblestone":188,"stat.useItem.minecraft.log2":1,"stat.pickup.minecraft.stone_pickaxe":1,"stat.pickup.minecraft.flint":246,"stat.mineBlock.minecraft.yellow_flower":2,"stat.swimOneCm":46665,"achievement.buildWorkBench":1,"stat.breakItem.minecraft.iron_pickaxe":232,"stat.useItem.minecraft.dirt":14105,"stat.pickup.minecraft.bow":2,"achievement.exploreAllBiomes":{"value":0,"progress":["Roofed Forest","River","Plains"]},"stat.craftItem.minecraft.furnace":4,"stat.craftItem.minecraft.stone_pickaxe":296,"stat.craftItem.minecraft.cooked_beef":123,"stat.pickup.minecraft.cobblestone":107897,"stat.mineBlock.minecraft.clay":2,"stat.useItem.minecraft.stone_shovel":9943,"stat.flyOneCm":114747,"stat.useItem.minecraft.cooked_beef":69,"stat.mineBlock.minecraft.iron_ore":772,"stat.timeSinceDeath":147728,"stat.pickup.minecraft.mutton":136,"stat.killEntity.Bat":1,"stat.useItem.minecraft.cooked_porkchop":63,"stat.pickup.minecraft.iron_shovel":2,"stat.mineBlock.minecraft.coal_ore":1270,"stat.killEntity.Creeper":4,"stat.breakItem.minecraft.iron_sword":2,"stat.talkedToVillager":5,"stat.mineBlock.minecraft.red_mushroom_block":1,"stat.pickup.minecraft.string":6,"stat.entityKilledBy.Skeleton":14,"achievement.buildSword":9,"stat.sprintOneCm":107512,"stat.craftItem.minecraft.stick":1776,"stat.craftItem.minecraft.wooden_axe":1,"stat.useItem.minecraft.bed":2,"stat.mineBlock.minecraft.crafting_table":4,"stat.useItem.minecraft.wooden_shovel":120,"stat.entityKilledBy.Creeper":12,"achievement.killEnemy":95,"achievement.buildFurnace":5,"stat.mineBlock.minecraft.planks":4,"stat.drop":3,"stat.useItem.minecraft.wooden_sword":64,"stat.killEntity.Sheep":90,"stat.breakItem.minecraft.iron_shovel":58,"stat.killEntity.Zombie":69,"stat.diveOneCm":87362,"stat.pickup.minecraft.gravel":1898,"stat.craftItem.minecraft.cooked_porkchop":63,"stat.useItem.minecraft.chicken":3,"stat.useItem.minecraft.apple":2,"stat.breakItem.minecraft.wooden_axe":1,"stat.jump":18875,"stat.pickup.minecraft.coal":1526,"stat.pickup.minecraft.iron_ingot":23,"stat.useItem.minecraft.stone_axe":138,"stat.craftItem.minecraft.torch":1264,"stat.breakItem.minecraft.golden_leggings":1,"stat.pickup.minecraft.dirt":27605,"stat.drop.minecraft.iron_shovel":1,"stat.useItem.minecraft.cooked_chicken":30,"stat.pickup.minecraft.iron_ore":772,"stat.pickup.minecraft.stone_shovel":1,"stat.mineBlock.minecraft.leaves2":22,"stat.damageTaken":25593,"stat.pickup.minecraft.leather":64,"stat.mineBlock.minecraft.furnace":1,"stat.mineBlock.minecraft.torch":636,"stat.useItem.minecraft.wooden_pickaxe":60,"stat.pickup.minecraft.log2":366,"stat.pickup.minecraft.bed":1,"stat.pickup.minecraft.potato":2,"stat.entityKilledBy.Zombie":4,"stat.damageDealt":38825,"stat.sleepInBed":21,"stat.killEntity.Cow":60,"stat.useItem.minecraft.crafting_table":5,"stat.killEntity.Pig":34,"stat.craftItem.minecraft.iron_sword":3,"stat.craftItem.minecraft.stone_shovel":75,"stat.walkOneCm":12455976,"stat.useItem.minecraft.chest":102,"stat.pickup.minecraft.stick":287,"stat.pickup.minecraft.clay_ball":12,"stat.breakItem.minecraft.stone_pickaxe":296,"stat.pickup.minecraft.stone":21118,"stat.pickup.minecraft.ender_pearl":1,"stat.breakItem.minecraft.golden_boots":1,"stat.killEntity.Skeleton":17,"stat.killEntity.Chicken":33,"stat.killEntity.Spider":4,"stat.mobKills":319,"stat.mineBlock.minecraft.leaves":50,"stat.breakItem.minecraft.wooden_shovel":2,"stat.pickup.minecraft.torch":7098,"stat.breakItem.minecraft.stone_sword":3,"stat.mineBlock.minecraft.stone":94961,"stat.breakItem.minecraft.wooden_pickaxe":1}